code,buy_date,sell_date,buy_price,sell_price,shares,pnl,pnl_pct,reason
603127.SH,2020-05-08,2020-05-14,100.49,110.15,50,466.9850000000006,9.612896805652316,分批止盈(浮盈10.3%达10%)
600312.SH,2020-05-08,2020-05-28,8.5,7.56,2700,-2583.9270000000006,-11.05882352941177,硬止损(ATR=0.39)
603127.SH,2020-05-08,2020-06-02,100.49,122.8,37,811.3828000000001,22.20121405114937,分批止盈(浮盈21.7%达20%)
603067.SH,2020-05-08,2020-06-09,5.73,6.23,1150,555.671,8.726003490401396,分批止盈(浮盈10.6%达10%)
603127.SH,2020-05-08,2020-06-09,100.49,90.25,113,-1182.5164999999993,-10.190068663548606,第22天深度亏损(-8.0%)
603067.SH,2020-05-08,2020-06-16,5.73,6.08,1035,344.66439999999966,6.1082024432809705,浮盈5.4%后跌破BBI
603067.SH,2020-05-08,2020-06-19,5.73,6.14,724,282.9492799999995,7.155322862129131,浮盈7.5%后跌破BBI
601606.SH,2020-05-28,2020-06-19,11.6,12.57,425,396.5655000000003,8.362068965517247,分批止盈(浮盈10.5%达10%)
603067.SH,2020-05-08,2020-06-22,5.73,6.17,507,211.82361999999978,7.678883071553219,浮盈7.7%后跌破BBI
603067.SH,2020-05-08,2020-06-23,5.73,6.14,355,136.19059999999973,7.155322862129131,浮盈6.8%后跌破BBI
603067.SH,2020-05-08,2020-06-24,5.73,6.05,248,71.35919999999984,5.584642233856883,浮盈5.6%后跌破BBI
601606.SH,2020-05-28,2020-06-24,11.6,12.66,1275,1314.2170000000008,9.137931034482763,放量阴线
603067.SH,2020-05-08,2020-06-29,5.73,5.99,581,139.0996199999999,4.537521815008723,移动止盈(锁定4.2%)
300677.SZ,2020-06-29,2020-07-06,121.01,135.18,50,689.9820000000001,11.709776051565987,分批止盈(浮盈10.7%达10%)
002851.SZ,2020-06-24,2020-07-09,25.5,28.7,325,1016.3449999999997,12.549019607843134,分批止盈(浮盈15.1%达10%)
000581.SZ,2020-07-02,2020-07-10,20.77,22.9,525,1089.2049999999995,10.255175734232061,分批止盈(浮盈11.1%达10%)
300677.SZ,2020-06-29,2020-07-14,121.01,167.61,37,1706.7968600000004,38.50921411453599,分批止盈(浮盈25.9%达20%)
688166.SH,2020-07-07,2020-07-14,59.39,66.75,100,717.6500000000001,12.392658696750294,分批止盈(浮盈13.6%达10%)
002851.SZ,2020-06-24,2020-07-15,25.5,31.32,243,1394.03848,22.823529411764707,分批止盈(浮盈22.8%达20%)
002851.SZ,2020-06-24,2020-07-16,25.5,30.35,732,3500.2135500000013,19.01960784313726,放量阴线
000581.SZ,2020-07-02,2020-07-16,20.77,22.45,472,766.7671999999998,8.088589311506981,浮盈8.0%后跌破BBI
000581.SZ,2020-07-02,2020-07-17,20.77,22.28,330,478.59520000000055,7.2701011073664015,浮盈6.0%后跌破BBI
000581.SZ,2020-07-02,2020-07-20,20.77,22.5,231,384.2350000000001,8.329321136254215,浮盈7.4%后跌破BBI
300408.SZ,2020-07-16,2020-07-20,28.096363636363638,27.7,1100,-504.55750000000205,-1.4107293082249468,换仓(高分替换)
688166.SH,2020-07-07,2020-07-22,59.39,60.78,300,375.5320000000002,2.340461357130831,移动止盈(锁定2.7%)
688268.SH,2020-07-22,2020-07-23,83.99,88.95,30,138.46300000000025,5.90546493630195,浮盈7.7%后跌破BBI
000581.SZ,2020-07-02,2020-07-24,20.77,22.4,162,251.8023999999998,7.847857486759745,浮盈8.8%后跌破BBI
688268.SH,2020-07-22,2020-07-24,83.99,88.32,21,82.22055999999996,5.155375639957136,浮盈6.2%后跌破BBI
300677.SZ,2020-06-29,2020-07-27,121.01,147.8,33,869.3152000000002,22.138666225931743,浮盈23.3%后跌破BBI
300677.SZ,2020-06-29,2020-07-28,121.01,152.43,24,741.76336,25.964796297826627,浮盈25.0%后跌破BBI
000581.SZ,2020-07-02,2020-07-29,20.77,21.71,114,97.21012000000013,4.52575830524796,浮盈5.1%后跌破BBI
688123.SH,2020-07-21,2020-07-30,81.6,74.8,200,-1394.9199999999996,-8.33333333333333,牛市第7天亏损(-8.4%)
000581.SZ,2020-07-02,2020-07-31,20.77,22.04,79,91.84767999999998,6.11458834857968,浮盈6.2%后跌破BBI
000581.SZ,2020-07-02,2020-08-03,20.77,22.42,56,84.88896000000011,7.944150216658653,浮盈6.1%后跌破BBI
688268.SH,2020-07-22,2020-08-03,83.99,97.5,12,154.7800000000001,16.08524824383856,分批止盈(浮盈13.7%达10%)
688268.SH,2020-07-22,2020-08-07,83.99,91.06,11,70.76668000000008,8.417668770091687,浮盈9.5%后跌破BBI
300677.SZ,2020-06-29,2020-08-10,121.01,167.0,56,2551.736,38.005123543508795,持仓超30天(38.0%)
688268.SH,2020-07-22,2020-08-12,83.99,89.0,7,28.824000000000034,5.964995832837249,浮盈6.0%后跌破BBI
000581.SZ,2020-07-02,2020-08-13,20.77,23.0,131,281.1040000000001,10.73663938372653,持仓超30天(10.6%)
600531.SH,2020-08-17,2020-08-18,5.55,6.0,960,415.4800000000002,8.10810810810811,浮盈6.5%后跌破BBI
688268.SH,2020-07-22,2020-08-20,83.99,82.2,19,-42.133599999999845,-2.131206095963796,第21天亏损(-1.1%)
000933.SZ,2020-07-30,2020-08-20,5.22,5.81,1400,804.7319999999997,11.302681992337163,分批止盈(浮盈11.3%达10%)
000933.SZ,2020-07-30,2020-08-21,5.22,5.36,4200,537.3480000000025,2.681992337164762,放量阴线
600409.SH,2020-08-20,2020-08-25,5.6,6.16,1225,665.9080000000005,10.000000000000009,分批止盈(浮盈10.5%达10%)
002245.SZ,2020-08-10,2020-08-28,4.76,5.07,7400,2209.5845000000036,6.512605042016817,放量阴线
600531.SH,2020-08-17,2020-09-07,5.55,5.25,2240,-700.5199999999995,-5.405405405405403,第15天深度亏损(-4.7%)
600409.SH,2020-08-20,2020-09-08,5.6,6.13,1102,565.5494800000002,9.464285714285719,浮盈9.5%后跌破BBI
600409.SH,2020-08-20,2020-09-09,5.6,6.16,771,417.26128000000034,10.000000000000009,浮盈10.5%后跌破BBI
600409.SH,2020-08-20,2020-09-11,5.6,6.06,540,236.85519999999997,8.214285714285714,浮盈7.3%后跌破BBI
600409.SH,2020-08-20,2020-09-18,5.6,6.25,378,235.9750000000001,11.607142857142865,浮盈12.1%后跌破BBI
000591.SZ,2020-08-24,2020-09-18,4.57,4.53,5400,-271.0395000000002,-0.8752735229759306,第19天亏损(-0.2%)
000697.SZ,2020-08-31,2020-09-21,11.99,11.25,1600,-1225.0000000000005,-6.171809841534614,第15天深度亏损(-6.6%)
600409.SH,2020-08-20,2020-09-22,5.6,6.91,221,281.4557800000001,23.392857142857153,分批止盈(浮盈23.6%达20%)
002245.SZ,2020-09-18,2020-09-25,4.95,5.59,1375,859.6274999999996,12.929292929292924,分批止盈(浮盈12.1%达10%)
600409.SH,2020-08-20,2020-09-29,5.6,6.38,198,146.91352000000006,13.928571428571434,浮盈14.5%后跌破BBI
002245.SZ,2020-09-18,2020-09-29,4.95,6.06,1031,1126.9142799999995,22.424242424242415,分批止盈(浮盈25.1%达20%)
600409.SH,2020-08-20,2020-10-09,5.6,6.78,465,537.3946000000003,21.071428571428584,持仓超30天(18.0%)
300131.SZ,2020-09-21,2020-10-13,7.05,7.79,600,429.65200000000016,10.496453900709222,分批止盈(浮盈11.8%达10%)
002245.SZ,2020-09-18,2020-10-20,4.95,6.12,3094,3577.1094399999993,23.636363636363633,移动止盈(锁定22.2%)
300131.SZ,2020-09-21,2020-10-22,7.05,8.67,1800,2879.7879999999996,22.978723404255323,放量阴线
300593.SZ,2020-11-04,2020-11-12,24.55,21.66,700,-2058.3240000000005,-11.771894093686356,硬止损(ATR=1.71)
002487.SZ,2020-11-04,2020-11-17,10.1,9.2,2500,-2301.750000000001,-8.910891089108915,硬止损(ATR=0.50)
688005.SH,2020-11-12,2020-11-19,35.75,32.14,500,-1842.1399999999996,-10.097902097902097,硬止损(ATR=2.43)
300001.SZ,2020-11-17,2020-11-24,21.16,25.23,325,1301.3505,19.234404536862005,分批止盈(浮盈11.2%达10%)
300277.SZ,2020-11-04,2020-11-25,13.04,12.11,2200,-2105.944499999999,-7.131901840490795,硬止损(ATR=0.52)
300001.SZ,2020-11-17,2020-11-25,21.16,25.8,243,1109.9812000000004,21.928166351606805,分批止盈(浮盈21.9%达20%)
300001.SZ,2020-11-17,2020-11-26,21.16,25.31,732,2995.7461599999992,19.61247637051039,放量阴线
300693.SZ,2020-11-19,2020-12-10,26.94,25.0,700,-1398.000000000001,-7.201187824795848,第15天深度亏损(-6.5%)
603195.SH,2020-11-25,2020-12-14,190.99,186.73,100,-468.34600000000194,-2.2304832713754745,放量阴线
300446.SZ,2020-11-26,2020-12-17,10.04,9.15,1800,-1639.9399999999978,-8.864541832669312,第15天深度亏损(-9.5%)
603002.SH,2020-12-02,2020-12-23,5.82,5.39,5000,-2210.637500000003,-7.388316151202759,第15天深度亏损(-7.6%)
600733.SH,2020-12-18,2020-12-25,7.95,8.67,575,399.0294999999998,9.056603773584902,分批止盈(浮盈10.1%达10%)
000629.SZ,2020-12-14,2021-01-07,2.25,2.18,11900,-891.3694999999981,-3.111111111111104,第17天深度亏损(-4.0%)
600989.SH,2020-12-17,2021-01-07,11.66,13.6,600,1142.6799999999996,16.638078902229843,分批止盈(浮盈14.8%达10%)
600989.SH,2020-12-17,2021-01-12,11.66,13.85,450,968.0349999999999,18.782161234991417,分批止盈(浮盈20.1%达20%)
600733.SH,2020-12-18,2021-01-12,7.95,8.84,1725,1499.7519999999995,11.194968553459116,放量阴线
300593.SZ,2021-01-12,2021-01-14,27.86,30.94,150,447.71800000000025,11.055276381909554,分批止盈(浮盈10.6%达10%)
300593.SZ,2021-01-12,2021-01-20,27.86,30.16,135,297.35680000000013,8.255563531945445,浮盈8.3%后跌破BBI
300593.SZ,2021-01-12,2021-01-25,27.86,37.5,78,741.0700000000002,34.60157932519742,分批止盈(浮盈30.4%达20%)
002865.SZ,2020-12-28,2021-01-27,18.2,17.98,1300,-338.5914999999986,-1.2087912087912025,第21天亏损(-2.2%)
600989.SH,2020-12-17,2021-01-29,11.66,16.22,1350,6106.731749999998,39.10806174957117,持仓超30天(35.6%)
300593.SZ,2021-01-12,2021-01-29,27.86,33.7,71,404.85460000000023,20.96195262024409,浮盈19.8%后跌破BBI
300593.SZ,2021-01-12,2021-02-01,27.86,33.62,49,273.9452399999999,20.674802584350317,浮盈20.7%后跌破BBI
600219.SH,2021-01-29,2021-02-04,3.28,3.7,1525,624.2150000000005,12.804878048780498,分批止盈(浮盈11.9%达10%)
300593.SZ,2021-01-12,2021-02-05,27.86,34.14,35,212.41020000000006,22.541277817659733,浮盈22.6%后跌破BBI
300593.SZ,2021-01-12,2021-02-08,27.86,31.37,82,277.6753200000001,12.598707824838485,移动止盈(锁定12.9%)
603179.SH,2021-01-27,2021-02-09,36.91,32.24,500,-2372.239999999997,-12.652397724193973,硬止损(ATR=2.07)
600219.SH,2021-01-29,2021-02-09,3.28,4.0,1143,808.8160000000003,21.95121951219513,分批止盈(浮盈22.6%达20%)
600219.SH,2021-01-29,2021-02-23,3.28,4.53,3432,4253.9060800000025,38.10975609756099,放量阴线
601155.SH,2021-02-08,2021-02-26,43.9,49.8,175,1010.0699999999997,13.439635535307515,分批止盈(浮盈14.5%达10%)
002158.SZ,2021-02-23,2021-02-26,20.8,22.05,250,296.475,6.009615384615384,分批止盈(浮盈12.0%达10%)
002158.SZ,2021-02-23,2021-03-03,20.8,22.01,750,869.4850000000006,5.817307692307696,放量阴线
601155.SH,2021-02-08,2021-03-08,43.9,46.99,157,465.37514000000056,7.038724373576318,浮盈7.1%后跌破BBI
300054.SZ,2021-02-09,2021-03-09,19.9,18.6,1200,-1610.2199999999964,-6.532663316582902,第15天深度亏损(-5.9%)
603638.SH,2021-03-04,2021-03-15,73.82,63.31,300,-3195.985999999997,-14.23733405581142,硬止损(ATR=3.46)
000893.SZ,2021-03-15,2021-03-19,10.0,11.1,550,587.7899999999997,10.999999999999996,分批止盈(浮盈12.4%达10%)
000893.SZ,2021-03-15,2021-03-25,10.0,10.95,495,454.40949999999964,9.499999999999993,浮盈10.2%后跌破BBI
601155.SH,2021-02-08,2021-03-29,43.9,44.9,368,329.95360000000005,2.277904328018223,移动止盈(锁定3.6%)
000893.SZ,2021-03-15,2021-04-06,10.0,11.15,346,385.1842000000002,11.500000000000004,浮盈11.7%后跌破BBI
000893.SZ,2021-03-15,2021-04-08,10.0,12.29,202,452.61483999999984,22.89999999999999,分批止盈(浮盈22.3%达20%)
000893.SZ,2021-03-15,2021-04-14,10.0,11.43,182,251.09947999999991,14.299999999999995,浮盈14.4%后跌破BBI
000893.SZ,2021-03-15,2021-04-15,10.0,11.39,127,168.6369400000001,13.900000000000007,浮盈13.0%后跌破BBI
000893.SZ,2021-03-15,2021-04-16,10.0,11.36,89,114.01791999999996,13.599999999999996,浮盈13.9%后跌破BBI
000893.SZ,2021-03-15,2021-04-19,10.0,11.2,62,68.01119999999995,11.999999999999993,浮盈12.6%后跌破BBI
000683.SZ,2021-03-29,2021-04-19,2.6,2.86,2075,522.6309999999996,9.999999999999991,分批止盈(浮盈10.4%达10%)
000893.SZ,2021-03-15,2021-04-20,10.0,11.44,44,57.35327999999998,14.399999999999997,浮盈13.0%后跌破BBI
000893.SZ,2021-03-15,2021-04-22,10.0,11.3,30,33.322000000000024,13.000000000000005,浮盈12.0%后跌破BBI
000893.SZ,2021-03-15,2021-04-23,10.0,10.87,73,56.922979999999946,8.699999999999992,移动止盈(锁定8.5%)
300503.SZ,2021-03-29,2021-04-26,12.06,11.91,1600,-283.11200000000053,-1.243781094527366,第19天亏损(-1.2%)
000683.SZ,2021-03-29,2021-04-26,2.6,2.74,1867,246.14884000000023,5.3846153846153895,浮盈5.4%后跌破BBI
000683.SZ,2021-03-29,2021-05-06,2.6,3.06,4358,1973.00904,17.69230769230769,放量阴线
300679.SZ,2021-04-26,2021-05-10,45.93,40.38,800,-4512.683999999998,-12.083605486610052,硬止损(ATR=1.80)
000883.SZ,2021-04-23,2021-05-19,5.06,4.77,3800,-1143.2520000000002,-5.731225296442688,第15天深度亏损(-4.7%)
603991.SH,2021-05-06,2021-05-27,54.8,50.65,300,-1280.3899999999994,-7.572992700729925,第15天深度亏损(-5.1%)
000559.SZ,2021-05-10,2021-06-04,5.02,5.03,8600,-11.330499999994203,0.1992031872510095,放量阴线
601918.SH,2021-05-27,2021-06-07,3.81,4.27,1800,807.627999999999,12.07349081364828,分批止盈(浮盈11.0%达10%)
002176.SZ,2021-06-04,2021-06-08,7.51,8.42,525,463.90900000000005,12.117177097203731,分批止盈(浮盈13.2%达10%)
601001.SH,2021-05-19,2021-06-10,7.34,8.61,925,1153.8214999999996,17.302452316076288,分批止盈(浮盈16.5%达10%)
601918.SH,2021-05-27,2021-06-10,3.81,4.69,1350,1170.3370000000004,23.097112860892395,分批止盈(浮盈26.5%达20%)
002176.SZ,2021-06-04,2021-06-15,7.51,8.04,472,237.57023999999967,7.057256990679087,浮盈7.2%后跌破BBI
601001.SH,2021-05-19,2021-06-21,7.34,7.65,832,240.1904000000004,4.223433242506819,浮盈5.9%后跌破BBI
601918.SH,2021-05-27,2021-06-22,3.81,4.43,4050,2470.116999999999,16.272965879265083,移动止盈(锁定14.2%)
601001.SH,2021-05-19,2021-06-23,7.34,7.5,1943,276.7350000000003,2.1798365122615824,移动止盈(锁定2.2%)
002176.SZ,2021-06-04,2021-07-01,7.51,7.71,1103,198.5917400000002,2.6631158455392834,移动止盈(锁定2.4%)
603083.SH,2021-06-23,2021-07-02,14.81,13.54,1500,-1950.697500000002,-8.575286968264695,硬止损(ATR=0.73)
600367.SH,2021-06-23,2021-07-12,8.98,10.23,550,671.2470000000001,13.919821826280623,分批止盈(浮盈13.9%达10%)
600363.SH,2021-07-02,2021-07-21,28.0,32.32,300,1271.6080000000002,15.42857142857143,分批止盈(浮盈12.1%达10%)
600367.SH,2021-06-23,2021-07-22,8.98,10.89,412,772.9466400000001,21.26948775055679,分批止盈(浮盈21.2%达20%)
600367.SH,2021-06-23,2021-07-26,8.98,11.98,1238,3679.33752,33.4075723830735,放量阴线
002426.SZ,2021-07-02,2021-07-26,3.17,3.0,8400,-1484.6999999999994,-5.362776025236591,第16天深度亏损(-5.4%)
600363.SH,2021-07-02,2021-07-28,28.0,29.91,270,494.5486000000001,6.821428571428571,浮盈8.5%后跌破BBI
000810.SZ,2021-07-01,2021-07-29,8.53,8.23,3800,-1210.366499999996,-3.516998827667045,第20天深度亏损(-5.0%)
600363.SH,2021-07-02,2021-08-02,28.0,30.99,189,548.3957799999996,10.678571428571423,浮盈6.8%后跌破BBI
600363.SH,2021-07-02,2021-08-10,28.0,34.8,110,735.3439999999997,24.285714285714274,分批止盈(浮盈23.1%达20%)
688388.SH,2021-07-26,2021-08-12,92.0,103.43,25,275.57850000000013,12.423913043478269,分批止盈(浮盈14.0%达10%)
600363.SH,2021-07-02,2021-08-13,28.0,36.63,331,2827.2809400000006,30.821428571428584,持仓超30天(32.1%)
688388.SH,2021-07-26,2021-08-23,92.0,112.3,18,356.35720000000003,22.065217391304344,分批止盈(浮盈21.7%达20%)
300260.SZ,2021-08-26,2021-08-30,29.0,33.58,150,671.9259999999997,15.793103448275856,分批止盈(浮盈21.3%达10%)
688388.SH,2021-07-26,2021-08-31,92.0,108.87,17,278.08842000000004,18.336956521739136,浮盈18.3%后跌破BBI
300260.SZ,2021-08-26,2021-08-31,29.0,36.04,112,775.4070399999999,24.275862068965516,分批止盈(浮盈29.7%达20%)
688388.SH,2021-07-26,2021-09-02,92.0,110.08,12,209.31807999999995,19.652173913043477,浮盈17.9%后跌破BBI
688388.SH,2021-07-26,2021-09-06,92.0,111.51,8,149.29584000000006,21.20652173913044,浮盈19.1%后跌破BBI
300260.SZ,2021-08-26,2021-09-06,29.0,31.8,338,919.9032000000003,9.655172413793107,移动止盈(锁定11.8%)
688388.SH,2021-07-26,2021-09-07,92.0,121.0,20,570.1600000000001,31.521739130434785,持仓超30天(31.2%)
300684.SZ,2021-09-06,2021-09-07,21.71,22.67,270,241.9582000000002,4.421925380009216,浮盈5.1%后跌破BBI
300684.SZ,2021-09-06,2021-09-10,21.71,22.86,189,203.70891999999975,5.297098111469363,浮盈5.7%后跌破BBI
300395.SZ,2021-08-26,2021-09-14,59.05,51.36,500,-3902.779999999999,-13.022861981371717,硬止损(ATR=3.56)
300684.SZ,2021-09-06,2021-09-22,21.71,18.55,441,-1414.9211000000003,-14.555504375863656,硬止损(ATR=1.30)
601606.SH,2021-09-07,2021-09-22,12.48,11.23,2000,-2550.535,-10.01602564102564,硬止损(ATR=0.56)
002265.SZ,2021-09-14,2021-09-27,7.52,8.06,1175,610.5590000000011,7.180851063829801,分批止盈(浮盈10.1%达10%)
002265.SZ,2021-09-14,2021-09-28,7.52,7.36,3525,-622.3739999999973,-2.1276595744680753,放量阴线
002149.SZ,2021-09-22,2021-10-20,19.16,17.72,800,-1185.3520000000008,-7.51565762004176,第15天深度亏损(-6.7%)
603881.SH,2021-09-22,2021-10-21,32.85,32.6,700,-226.345,-0.76103500761035,放量阴线
000681.SZ,2021-09-28,2021-10-27,13.36,12.72,1400,-936.6159999999983,-4.790419161676638,第16天深度亏损(-4.9%)
002085.SZ,2021-10-20,2021-11-17,5.52,5.5,7600,-246.04999999999677,-0.36231884057970243,第20天亏损(-0.2%)
000596.SZ,2021-10-27,2021-11-18,234.06,250.55,100,1592.6262500000007,7.045202084935491,放量阴线
601727.SH,2021-10-21,2021-11-19,4.71,4.8,6300,498.9599999999991,1.9108280254777041,第21天微利(1.7%)
002837.SZ,2021-11-17,2021-11-22,40.88,44.92,75,291.2619999999999,9.8825831702544,分批止盈(浮盈11.6%达10%)
002837.SZ,2021-11-17,2021-11-25,40.88,42.88,67,123.25407999999999,4.892367906066536,浮盈5.5%后跌破BBI
002922.SZ,2021-11-18,2021-12-01,22.42,25.5,150,449.3499999999998,13.737734165923273,分批止盈(浮盈13.2%达10%)
002922.SZ,2021-11-18,2021-12-02,22.42,26.9,112,490.7343999999996,19.982158786797488,分批止盈(浮盈24.5%达20%)
002837.SZ,2021-11-17,2021-12-03,40.88,43.27,47,103.26262000000003,5.846379647749512,浮盈5.9%后跌破BBI
002837.SZ,2021-11-17,2021-12-08,40.88,43.5,111,276.16299999999967,6.409001956947155,移动止盈(锁定4.1%)
002922.SZ,2021-11-18,2021-12-10,22.42,24.0,338,512.8159999999995,7.047279214986611,移动止盈(锁定7.0%)
301018.SZ,2021-11-19,2021-12-10,30.78,29.16,400,-676.3280000000004,-5.263157894736845,第15天深度亏损(-4.9%)
300184.SZ,2021-12-08,2021-12-17,6.59,7.37,1100,836.7860000000003,11.8361153262519,分批止盈(浮盈10.5%达10%)
300863.SZ,2021-12-10,2021-12-24,88.78,100.0,50,546.0,12.637981527371029,分批止盈(浮盈18.3%达10%)
300863.SZ,2021-12-10,2021-12-27,88.78,102.01,150,1948.8970000000006,14.902004956071192,放量阴线
300184.SZ,2021-12-08,2021-12-29,6.59,6.71,3300,346.1782500000003,1.8209408194233705,移动止盈(锁定2.6%)
300726.SZ,2021-12-27,2021-12-31,85.41,96.19,75,789.0715000000001,12.621472895445502,分批止盈(浮盈12.6%达10%)
688195.SH,2021-12-10,2022-01-05,32.64,30.72,600,-1193.864000000001,-5.8823529411764754,第17天深度亏损(-4.0%)
300726.SZ,2021-12-27,2022-01-05,85.41,91.4,225,1301.478750000002,7.013230300901545,移动止盈(锁定7.5%)
300857.SZ,2021-12-29,2022-01-20,28.5,31.74,200,630.3039999999997,11.368421052631573,分批止盈(浮盈11.2%达10%)
600105.SH,2022-01-05,2022-01-24,5.43,4.59,5000,-4251.637499999999,-15.469613259668508,硬止损(ATR=0.25)
001213.SZ,2022-01-05,2022-01-24,6.07,5.45,5200,-3287.765000000001,-10.214168039538716,硬止损(ATR=0.20)
300857.SZ,2021-12-29,2022-01-28,28.5,31.26,180,480.5464000000003,9.684210526315795,浮盈7.8%后跌破BBI
300857.SZ,2021-12-29,2022-02-08,28.5,35.0,105,670.1500000000001,22.807017543859647,分批止盈(浮盈24.8%达20%)
601107.SH,2022-01-24,2022-02-11,4.64,5.24,1050,613.9960000000007,12.931034482758633,分批止盈(浮盈12.5%达10%)
300857.SZ,2021-12-29,2022-02-14,28.5,30.7,94,196.02839999999995,7.719298245614032,浮盈12.0%后跌破BBI
300857.SZ,2021-12-29,2022-02-15,28.5,31.08,66,161.1774399999999,9.052631578947363,浮盈8.8%后跌破BBI
601107.SH,2022-01-24,2022-02-15,4.64,4.92,945,250.30120000000022,6.034482758620696,浮盈5.8%后跌破BBI
300857.SZ,2021-12-29,2022-02-17,28.5,29.03,155,68.15070000000017,1.8596491228070215,持仓超30天(3.0%)
601107.SH,2022-01-24,2022-02-24,4.64,4.93,661,180.17254000000003,6.250000000000002,浮盈6.9%后跌破BBI
603011.SH,2022-01-24,2022-02-24,7.45,8.1,575,359.43499999999966,8.724832214765094,分批止盈(浮盈10.1%达10%)
603011.SH,2022-01-24,2022-02-25,7.45,7.84,1725,640.7019999999994,5.234899328859056,放量阴线
000711.SZ,2022-03-01,2022-03-04,3.79,3.91,1230,132.98140000000012,3.166226912928763,浮盈5.5%后跌破BBI
601107.SH,2022-01-24,2022-03-09,4.64,4.7,1544,73.12640000000077,1.2931034482758728,第27天微利(0.4%)
000711.SZ,2022-03-01,2022-03-22,3.79,3.49,2870,-886.0325999999995,-7.915567282321895,第15天深度亏损(-7.1%)
002654.SZ,2022-03-01,2022-03-22,4.79,4.23,3900,-2221.9939999999983,-11.691022964509386,第15天深度亏损(-11.5%)
603938.SH,2022-03-22,2022-03-30,47.14,51.01,125,465.9974999999996,8.209588459906655,分批止盈(浮盈10.3%达10%)
603938.SH,2022-03-22,2022-04-12,47.14,49.7,112,270.5872000000003,5.430632159524825,浮盈6.0%后跌破BBI
688303.SH,2022-03-22,2022-04-12,58.99,49.49,500,-4805.6762499999995,-16.104424478725207,硬止损(ATR=2.43)
603938.SH,2022-03-22,2022-04-14,47.14,44.94,263,-607.2384400000007,-4.666949512091648,第15天深度亏损(-4.6%)
000553.SZ,2022-05-31,2022-06-10,11.25,12.2,700,642.9199999999996,8.444444444444438,分批止盈(浮盈11.3%达10%)
002645.SZ,2022-05-31,2022-06-14,20.56,22.74,375,795.4449999999998,10.603112840466926,分批止盈(浮盈10.6%达10%)
002645.SZ,2022-05-31,2022-06-15,20.56,22.2,1125,1788.8062500000008,7.976653696498058,放量阴线
000553.SZ,2022-05-31,2022-06-21,11.25,12.39,630,697.5886000000004,10.133333333333338,浮盈9.1%后跌破BBI
601231.SH,2022-05-31,2022-06-21,12.47,13.98,850,1254.7339999999997,12.109061748195666,分批止盈(浮盈11.1%达10%)
000553.SZ,2022-05-31,2022-06-22,11.25,12.05,441,337.1719000000003,7.111111111111118,浮盈7.5%后跌破BBI
000553.SZ,2022-05-31,2022-06-23,11.25,11.91,308,190.94344,5.866666666666668,浮盈6.0%后跌破BBI
601231.SH,2022-05-31,2022-06-23,12.47,13.36,765,655.409199999999,7.137129109863663,浮盈6.3%后跌破BBI
000553.SZ,2022-05-31,2022-06-28,11.25,12.0,721,518.4459999999999,6.666666666666667,移动止盈(锁定5.8%)
000682.SZ,2022-05-31,2022-06-30,6.6,6.71,4100,389.10025000000127,1.6666666666666714,牛市第21天微利(1.7%)
601231.SH,2022-05-31,2022-07-06,12.47,13.86,535,723.8197999999993,11.146752205292692,浮盈11.1%后跌破BBI
601231.SH,2022-05-31,2022-07-07,12.47,13.84,375,498.36999999999966,10.986367281475534,浮盈10.7%后跌破BBI
688150.SH,2022-07-04,2022-07-07,21.83,22.93,210,216.36940000000027,5.03893724232708,浮盈5.4%后跌破BBI
601231.SH,2022-05-31,2022-07-12,12.47,13.8,262,336.2288000000001,10.665597433841219,浮盈9.9%后跌破BBI
688258.SH,2022-06-28,2022-07-12,33.48,33.1,500,-228.09999999999775,-1.1350059737156377,牛市第10天不赚(-0.1%)
000883.SZ,2022-06-30,2022-07-12,5.16,5.32,7800,1154.634000000001,3.1007751937984525,放量阴线
601231.SH,2022-05-31,2022-07-13,12.47,13.78,183,229.68651999999977,10.505212510024046,浮盈9.8%后跌破BBI
601231.SH,2022-05-31,2022-07-14,12.47,13.7,129,150.1353999999998,9.863672814755402,浮盈10.3%后跌破BBI
601231.SH,2022-05-31,2022-07-15,12.47,14.85,301,702.4402999999998,19.085805934242174,持仓超30天(14.5%)
688150.SH,2022-07-04,2022-07-20,21.83,22.06,490,86.08120000000022,1.0535959688502081,牛市第12天微利(1.3%)
300757.SZ,2022-07-12,2022-07-22,47.34,56.21,75,651.8184999999999,18.73679763413603,分批止盈(浮盈20.4%达10%)
600733.SH,2022-07-15,2022-07-26,8.5,8.08,2500,-1095.4499999999998,-4.941176470588235,牛市第7天亏损(-4.9%)
300757.SZ,2022-07-12,2022-07-27,47.34,57.0,56,529.5759999999998,20.40557667934093,分批止盈(浮盈21.5%达20%)
300757.SZ,2022-07-12,2022-08-04,47.34,55.55,50,399.9449999999997,17.34262779890155,浮盈17.8%后跌破BBI
002312.SZ,2022-07-20,2022-08-10,15.08,14.13,1500,-1472.6887499999987,-6.2997347480106045,第15天深度亏损(-4.8%)
300757.SZ,2022-07-12,2022-08-15,47.34,58.49,35,381.15569999999997,23.55302070130967,浮盈24.9%后跌破BBI
300757.SZ,2022-07-12,2022-08-18,47.34,58.41,25,268.8294999999999,23.384030418250934,浮盈24.7%后跌破BBI
300757.SZ,2022-07-12,2022-08-22,47.34,57.79,17,170.68513999999993,22.07435572454583,浮盈23.8%后跌破BBI
003031.SZ,2022-08-10,2022-08-22,105.0,115.43,50,504.95700000000033,9.93333333333334,分批止盈(浮盈10.7%达10%)
300757.SZ,2022-07-12,2022-08-23,47.34,57.31,12,113.26455999999999,21.060414026193488,浮盈20.3%后跌破BBI
300757.SZ,2022-07-12,2022-08-24,47.34,60.93,30,399.0441999999999,28.70722433460075,持仓超30天(27.7%)
003031.SZ,2022-08-10,2022-08-25,105.0,104.5,150,-111.35,-0.4761904761904762,放量阴线
000037.SZ,2022-07-21,2022-08-26,8.14,8.04,3100,-366.0790000000044,-1.228501228501246,第26天亏损(-0.6%)
000975.SZ,2022-08-25,2022-09-09,11.32,12.52,550,641.2279999999997,10.600706713780912,分批止盈(浮盈12.1%达10%)
688521.SH,2022-08-24,2022-09-13,56.25,49.45,400,-2764.5599999999995,-12.088888888888883,硬止损(ATR=2.77)
000975.SZ,2022-08-25,2022-09-19,11.32,12.31,495,472.8631000000001,8.74558303886926,浮盈8.5%后跌破BBI
002156.SZ,2022-08-26,2022-09-19,19.23,17.95,1000,-1320.9000000000012,-6.656266250650032,第15天深度亏损(-6.4%)
001289.SZ,2022-09-13,2022-09-19,21.98,19.11,1500,-4369.496250000002,-13.057324840764336,硬止损(ATR=0.95)
000975.SZ,2022-08-25,2022-09-20,11.32,12.33,346,335.9276399999999,8.922261484098938,浮盈7.8%后跌破BBI
000975.SZ,2022-08-25,2022-09-27,11.32,12.6,242,298.66159999999985,11.307420494699642,浮盈10.9%后跌破BBI
601869.SH,2022-09-19,2022-09-27,40.43,44.87,125,538.7824999999998,10.981944100915156,分批止盈(浮盈11.8%达10%)
000975.SZ,2022-08-25,2022-09-28,11.32,12.36,170,167.59759999999983,9.187279151943455,浮盈9.5%后跌破BBI
000975.SZ,2022-08-25,2022-09-29,11.32,12.39,119,119.38118000000003,9.452296819787987,浮盈6.4%后跌破BBI
601869.SH,2022-09-19,2022-09-30,40.43,44.2,112,407.33920000000035,9.324758842443739,浮盈8.5%后跌破BBI
000975.SZ,2022-08-25,2022-10-14,11.32,12.78,278,393.77431999999976,12.897526501766777,持仓超30天(14.2%)
601869.SH,2022-09-19,2022-10-18,40.43,41.75,263,320.19950000000006,3.264902300272076,移动止盈(锁定3.3%)
601928.SH,2022-09-19,2022-10-18,8.7,8.45,4000,-1076.05,-2.873563218390805,第16天深度亏损(-3.3%)
002568.SZ,2022-10-27,2022-11-02,29.06,32.0,200,570.2000000000003,10.11699931176876,分批止盈(浮盈12.2%达10%)
002568.SZ,2022-10-27,2022-11-03,29.06,34.9,150,860.53,20.096352374397796,分批止盈(浮盈21.8%达20%)
003031.SZ,2022-10-27,2022-11-03,109.925,102.81,200,-1469.2644999999989,-6.472594951103021,换仓(高分替换)
603505.SH,2022-11-03,2022-11-07,45.82,50.28,150,648.916,9.733740724574423,分批止盈(浮盈10.2%达10%)
001226.SZ,2022-10-27,2022-11-11,34.31,31.88,600,-1501.256000000002,-7.0824832410376075,硬止损(ATR=1.37)
603505.SH,2022-11-03,2022-11-14,45.82,48.14,135,295.20220000000006,5.063291139240507,浮盈5.0%后跌破BBI
002568.SZ,2022-10-27,2022-11-15,29.06,33.58,450,1998.7779999999996,15.554026152787337,移动止盈(锁定14.3%)
603658.SH,2022-11-11,2022-11-28,67.08,60.61,300,-1982.3659999999995,-9.64519976147883,硬止损(ATR=3.31)
603505.SH,2022-11-03,2022-11-29,45.82,44.72,315,-379.6736000000004,-2.4006983849847257,第18天亏损(-2.3%)
688676.SH,2022-11-03,2022-11-30,39.68,38.73,400,-415.9840000000012,-2.394153225806459,第19天亏损(-2.7%)
300576.SZ,2022-11-15,2022-12-06,24.0,23.0,1200,-1262.1,-4.166666666666666,第15天深度亏损(-3.9%)
600131.SH,2022-12-06,2022-12-15,16.88,15.54,1900,-2612.433499999999,-7.938388625592417,硬止损(ATR=0.67)
301286.SZ,2022-11-30,2022-12-19,24.2,21.68,1000,-2568.7799999999993,-10.413223140495868,硬止损(ATR=0.99)
300364.SZ,2022-11-29,2022-12-21,9.33,8.63,1800,-1296.0679999999988,-7.502679528402993,第16天深度亏损(-4.5%)
600606.SH,2022-12-15,2023-01-03,3.24,2.98,11900,-3173.7895000000026,-8.024691358024699,硬止损(ATR=0.11)
000042.SZ,2022-12-19,2023-01-04,8.49,7.96,3600,-1972.4760000000008,-6.2426383981154325,硬止损(ATR=0.28)
000927.SZ,2022-12-21,2023-01-12,2.93,2.8,11700,-1594.710000000004,-4.436860068259397,硬止损(ATR=0.08)
000681.SZ,2023-01-20,2023-01-31,12.52,14.0,675,975.1000000000003,11.821086261980835,分批止盈(浮盈11.0%达10%)
000681.SZ,2023-01-20,2023-02-01,12.52,15.66,506,1567.9920800000002,25.079872204472846,分批止盈(浮盈22.1%达20%)
300773.SZ,2023-01-20,2023-02-06,16.41,18.59,600,1280.6919999999998,13.28458257160268,分批止盈(浮盈11.4%达10%)
000681.SZ,2023-01-20,2023-02-07,12.52,16.6,1519,6140.785350000003,32.58785942492015,放量阴线
300773.SZ,2023-01-20,2023-02-10,16.41,20.75,450,1929.3249999999998,26.44728823887873,分批止盈(浮盈25.5%达20%)
300773.SZ,2023-01-20,2023-02-13,16.41,20.55,1350,5526.579375,25.228519195612435,放量阴线
601778.SH,2023-01-20,2023-02-17,5.49,5.41,7300,-672.8592500000007,-1.4571948998178519,牛市第15天不赚(-1.3%)
001217.SZ,2023-01-20,2023-02-17,13.02,13.52,3200,1502.6560000000002,3.840245775729647,放量阴线
601519.SH,2023-02-08,2023-02-17,7.36,7.0,4100,-1540.5750000000014,-4.891304347826091,牛市第7天亏损(-4.2%)
002217.SZ,2023-02-13,2023-02-22,2.95,2.84,11400,-1326.8460000000036,-3.7288135593220444,牛市第7天亏损(-3.4%)
601519.SH,2023-02-17,2023-03-10,7.0,6.75,4200,-1113.7875,-3.571428571428571,第15天深度亏损(-3.1%)
301312.SZ,2023-02-21,2023-03-14,109.18,103.88,200,-1106.7460000000024,-4.854368932038845,第15天深度亏损(-4.9%)
688319.SH,2023-02-17,2023-03-16,19.642,21.64,250,483.68000000000023,10.172080236228496,分批止盈(浮盈10.9%达10%)
301316.SZ,2023-02-22,2023-03-17,27.3,26.61,600,-450.9320000000008,-2.527472527472532,第17天深度亏损(-3.4%)
002261.SZ,2023-03-17,2023-03-22,10.02,11.05,650,650.1350000000007,10.279441117764483,分批止盈(浮盈10.6%达10%)
002261.SZ,2023-03-17,2023-03-23,10.02,12.5,487,1190.585,24.750499001996012,分批止盈(浮盈21.7%达20%)
688319.SH,2023-02-17,2023-03-28,19.642,21.78,750,1565.8300000000013,10.884838611139404,放量阴线
002261.SZ,2023-03-17,2023-04-07,10.02,14.91,1463,7104.9900075000005,48.802395209580844,移动止盈(锁定48.6%)
600869.SH,2023-03-24,2023-04-07,5.68,5.38,6700,-2091.103499999999,-5.281690140845067,硬止损(ATR=0.16)
000065.SZ,2023-04-04,2023-04-18,15.6,17.05,375,525.9625000000005,9.294871794871803,分批止盈(浮盈11.3%达10%)
600118.SH,2023-03-31,2023-04-25,28.18,26.86,800,-1104.3480000000004,-4.6841731724627405,第16天深度亏损(-4.2%)
600776.SH,2023-04-07,2023-04-28,11.5,10.15,3200,-4393.079999999998,-11.739130434782606,硬止损(ATR=0.45)
000065.SZ,2023-04-04,2023-05-05,15.6,18.85,281,897.6563000000006,20.833333333333346,分批止盈(浮盈23.8%达20%)
601117.SH,2023-04-07,2023-05-10,9.87,10.39,3000,1489.867500000004,5.268490374873368,放量阴线
000065.SZ,2023-04-04,2023-05-12,15.6,17.6,253,492.0944000000004,12.820512820512834,浮盈13.5%后跌破BBI
300133.SZ,2023-05-10,2023-05-12,8.03,9.7,500,820.3,20.79701120797011,分批止盈(浮盈19.8%达10%)
000065.SZ,2023-04-04,2023-05-15,15.6,16.8,177,201.45280000000017,7.6923076923077,浮盈8.2%后跌破BBI
300133.SZ,2023-05-10,2023-05-15,8.03,9.2,1500,1722.4,14.570361145703611,放量阴线
000065.SZ,2023-04-04,2023-05-16,15.6,17.28,414,676.2121600000007,10.769230769230779,移动止盈(锁定10.4%)
688400.SH,2023-04-28,2023-05-19,31.62,35.86,100,411.8279999999998,13.409234661606572,分批止盈(浮盈11.3%达10%)
688400.SH,2023-04-28,2023-05-22,31.62,34.0,300,688.5999999999996,7.5268817204301035,放量阴线
300684.SZ,2023-05-15,2023-05-22,20.91,23.7,150,406.3899999999999,13.342898134863699,分批止盈(浮盈12.4%达10%)
300684.SZ,2023-05-15,2023-05-24,20.91,22.16,135,157.7668,5.978000956480153,浮盈7.7%后跌破BBI
300684.SZ,2023-05-15,2023-05-31,20.91,25.14,78,321.0181600000001,20.229555236728842,分批止盈(浮盈22.0%达20%)
300684.SZ,2023-05-15,2023-06-06,20.91,25.37,71,308.0574600000001,21.329507412721192,浮盈15.2%后跌破BBI
002051.SZ,2023-05-16,2023-06-06,12.85,11.52,1300,-1763.9520000000002,-10.350194552529183,第15天深度亏损(-10.0%)
688147.SH,2023-05-22,2023-06-06,46.88,53.39,75,475.2414999999998,13.886518771331053,分批止盈(浮盈15.1%达10%)
300684.SZ,2023-05-15,2023-06-08,20.91,23.28,49,108.84856000000005,11.334289813486373,浮盈13.5%后跌破BBI
300684.SZ,2023-05-15,2023-06-09,20.91,22.37,35,44.53410000000003,6.982305117168823,浮盈6.2%后跌破BBI
300684.SZ,2023-05-15,2023-06-12,20.91,22.82,24,39.744640000000004,9.134385461501674,浮盈10.1%后跌破BBI
300684.SZ,2023-05-15,2023-06-13,20.91,23.13,17,31.953579999999977,10.616929698708747,浮盈10.6%后跌破BBI
688147.SH,2023-05-22,2023-06-13,46.88,49.97,67,195.33401999999973,6.591296928327636,浮盈5.9%后跌破BBI
300684.SZ,2023-05-15,2023-06-26,20.91,24.11,12,32.821359999999984,15.303682448589187,浮盈17.9%后跌破BBI
688147.SH,2023-05-22,2023-06-26,46.88,50.11,47,142.0996599999999,6.889931740614327,浮盈8.4%后跌破BBI
300684.SZ,2023-05-15,2023-06-27,20.91,22.73,8,9.196320000000004,8.703969392635104,浮盈7.7%后跌破BBI
300684.SZ,2023-05-15,2023-06-28,20.91,22.69,6,5.4077200000000065,8.512673362027744,浮盈9.6%后跌破BBI
300684.SZ,2023-05-15,2023-06-29,20.91,21.15,15,-2.0345000000000235,1.147776183644182,持仓超30天(2.4%)
688147.SH,2023-05-22,2023-07-05,46.88,60.58,27,361.6286799999999,29.223549488054594,分批止盈(浮盈32.2%达20%)
688147.SH,2023-05-22,2023-07-06,46.88,54.72,84,644.3670399999996,16.723549488054598,持仓超30天(17.3%)
300475.SZ,2023-07-04,2023-07-07,25.73,32.0,200,1236.1999999999998,24.36844150796735,分批止盈(浮盈20.5%达10%)
301013.SZ,2023-06-29,2023-07-10,13.41,14.26,570,463.2435999999998,6.338553318419088,浮盈6.3%后跌破BBI
300475.SZ,2023-07-04,2023-07-10,25.73,32.11,150,942.3669999999998,24.79595802565099,分批止盈(浮盈30.5%达20%)
300475.SZ,2023-07-04,2023-07-11,25.73,32.05,450,2810.1549999999984,24.56276719782354,放量阴线
301013.SZ,2023-06-29,2023-07-14,13.41,14.94,332,493.0398399999998,11.409395973154357,分批止盈(浮盈13.3%达10%)
301013.SZ,2023-06-29,2023-07-17,13.41,15.0,998,1551.8799999999999,11.856823266219237,放量阴线
000014.SZ,2023-07-06,2023-07-20,11.21,12.55,650,849.6849999999998,11.953612845673502,分批止盈(浮盈12.0%达10%)
000014.SZ,2023-07-06,2023-07-25,11.21,13.2,1950,3822.5849999999973,17.752007136485265,放量阴线
300757.SZ,2023-07-11,2023-07-28,78.88,69.0,200,-2008.599999999999,-12.525354969574032,硬止损(ATR=4.56)
002472.SZ,2023-07-17,2023-07-28,32.12,28.82,800,-2691.875999999998,-10.273972602739718,硬止损(ATR=1.53)
002428.SZ,2023-07-25,2023-08-15,14.27,13.36,1600,-1504.0960000000002,-6.377014716187808,第15天深度亏损(-6.4%)
300342.SZ,2023-07-28,2023-08-18,11.39,10.57,2300,-1940.6997500000004,-7.199297629499562,第15天深度亏损(-7.2%)
300489.SZ,2023-07-28,2023-08-18,21.5,20.57,1200,-1171.5389999999995,-4.325581395348836,第15天深度亏损(-4.1%)
000550.SZ,2023-08-15,2023-08-31,17.49,16.59,1500,-1405.991249999998,-5.14579759862778,放量阴线
600595.SH,2023-08-18,2023-09-08,3.06,2.87,7800,-1532.3684999999996,-6.209150326797384,第15天深度亏损(-5.9%)
001227.SZ,2023-08-18,2023-09-18,3.0,3.01,12000,38.72999999999744,0.33333333333332626,第21天微利(0.3%)
688318.SH,2023-09-18,2023-09-25,133.51,144.0,25,250.05000000000024,7.8570893566025095,分批止盈(浮盈11.6%达10%)
300607.SZ,2023-09-18,2023-09-26,14.5,15.72,2000,2369.260000000001,8.413793103448281,放量阴线
000683.SZ,2023-09-18,2023-10-17,7.2,6.84,6200,-2327.4180000000015,-5.000000000000004,第15天深度亏损(-5.6%)
688318.SH,2023-09-18,2023-10-30,133.51,141.0,22,153.5760000000002,5.61006666167329,浮盈7.2%后跌破BBI
688318.SH,2023-09-18,2023-10-31,133.51,145.9,15,176.4730000000002,9.280203730057686,浮盈6.8%后跌破BBI
688318.SH,2023-09-18,2023-11-07,133.51,148.38,38,548.7831200000003,11.137742491199166,持仓超30天(13.1%)
601001.SH,2023-09-26,2023-11-07,11.2,11.2,3100,-78.12,0.0,第24天微利(0.2%)
688578.SH,2023-10-17,2023-11-15,36.75,37.34,700,354.18950000000234,1.6054421768707576,第21天微利(0.7%)
002484.SZ,2023-11-21,2023-12-06,17.76,16.21,2800,-4442.123000000001,-8.727477477477482,硬止损(ATR=0.43)
688213.SH,2023-11-21,2023-12-11,51.17,55.18,125,482.4549999999998,7.8366230213015395,分批止盈(浮盈10.8%达10%)
002536.SZ,2023-11-21,2023-12-12,14.89,13.46,1900,-2774.5415,-9.603760913364672,第15天深度亏损(-9.5%)
688213.SH,2023-11-21,2023-12-19,51.17,54.82,112,391.52031999999986,7.133085792456514,浮盈7.1%后跌破BBI
000981.SZ,2023-11-21,2023-12-20,1.72,1.68,20600,-901.8680000000006,-2.325581395348839,第21天亏损(-2.3%)
688213.SH,2023-11-21,2023-12-25,51.17,53.6,78,176.17839999999995,4.748876294703927,浮盈6.1%后跌破BBI
688213.SH,2023-11-21,2023-12-26,51.17,55.0,55,199.5999999999999,7.484854406879027,浮盈6.1%后跌破BBI
688213.SH,2023-11-21,2023-12-28,51.17,54.35,39,114.78069999999997,6.2145788547977325,浮盈5.8%后跌破BBI
688213.SH,2023-11-21,2023-12-29,51.17,53.88,27,65.26048000000003,5.29607191713895,浮盈5.5%后跌破BBI
688213.SH,2023-11-21,2024-01-03,51.17,55.0,64,233.07999999999987,7.484854406879027,持仓超30天(8.5%)
603991.SH,2023-12-12,2024-01-03,48.33,46.37,400,-826.0960000000003,-4.055452100144839,第15天深度亏损(-3.9%)
300446.SZ,2023-12-13,2024-01-04,16.31,15.29,1800,-1897.9244999999992,-6.2538320049049645,第15天深度亏损(-5.9%)
605289.SH,2024-01-17,2024-01-29,47.86,37.69,400,-4103.152000000001,-21.24947764312579,硬止损(ATR=3.33)
605118.SH,2024-01-17,2024-01-30,20.67,17.5,900,-2889.5000000000014,-15.33623609095308,硬止损(ATR=1.18)
000422.SZ,2024-01-17,2024-01-30,10.0,9.0,3200,-3264.8,-10.0,硬止损(ATR=0.40)
601666.SH,2024-01-29,2024-02-21,11.77,12.99,875,1039.7675000000004,10.365335598980465,分批止盈(浮盈10.9%达10%)
601666.SH,2024-01-29,2024-02-23,11.77,14.8,656,1963.2624000000005,25.743415463041643,分批止盈(浮盈24.0%达20%)
601666.SH,2024-01-29,2024-02-26,11.77,14.01,1969,4348.492197500001,19.031435853865762,放量阴线
601975.SH,2024-01-30,2024-03-04,3.088770491803279,3.08,12200,-191.5460000000003,-0.2839476687100292,第18天亏损(-0.6%)
601872.SH,2024-01-30,2024-03-05,6.636153846153846,7.71,1625,1714.9425000000006,16.18175495537267,分批止盈(浮盈15.7%达10%)
601872.SH,2024-01-30,2024-03-14,6.636153846153846,7.24,4875,2864.3362500000026,9.099339283644381,移动止盈(锁定8.6%)
605020.SH,2024-03-14,2024-03-19,29.3,29.9,900,479.45249999999805,2.047781569965863,放量阴线
002670.SZ,2024-02-26,2024-03-26,9.81,9.77,2100,-130.16325000000194,-0.40774719673803184,第21天亏损(-0.4%)
600968.SH,2024-02-22,2024-04-01,3.1452173913043477,3.54,3450,1332.5740000000005,12.551838540226711,分批止盈(浮盈12.6%达10%)
600968.SH,2024-02-22,2024-04-08,3.1452173913043477,3.69,10350,5552.569125,17.320984241083774,持仓超30天(19.5%)
300548.SZ,2024-04-01,2024-04-16,26.6,22.22,500,-2217.2200000000016,-16.466165413533844,硬止损(ATR=1.78)
600345.SH,2024-04-02,2024-04-16,21.2,18.68,1400,-3586.8419999999996,-11.886792452830187,硬止损(ATR=0.91)
002414.SZ,2024-04-08,2024-04-17,7.15,6.32,4300,-3630.146,-11.608391608391608,硬止损(ATR=0.30)
600580.SH,2024-04-16,2024-04-22,13.99,15.12,400,434.9039999999996,8.0771979985704,分批止盈(浮盈12.4%达10%)
688188.SH,2024-03-19,2024-04-29,286.68,317.16,25,741.1420000000005,10.632063624947682,分批止盈(浮盈10.6%达10%)
688188.SH,2024-03-19,2024-05-07,286.68,336.45,75,3675.974062499999,17.36082042695688,持仓超30天(18.0%)
002432.SZ,2024-04-18,2024-05-09,40.69,46.73,200,1184.3079999999998,14.84394200049152,分批止盈(浮盈15.3%达10%)
002432.SZ,2024-04-18,2024-05-10,40.69,45.39,600,2758.723500000002,11.550749569918906,放量阴线
600580.SH,2024-04-16,2024-05-17,13.99,14.59,1200,679.9839999999995,4.288777698355966,移动止盈(锁定2.5%)
002273.SZ,2024-04-16,2024-05-22,13.8,15.1,500,629.8999999999995,9.420289855072456,分批止盈(浮盈10.1%达10%)
002273.SZ,2024-04-16,2024-05-27,13.8,14.75,450,409.2249999999997,6.884057971014487,浮盈6.3%后跌破BBI
002552.SZ,2024-05-10,2024-05-27,14.68,13.54,2100,-2457.9765000000016,-7.765667574931884,硬止损(ATR=0.56)
002273.SZ,2024-04-16,2024-05-29,13.8,14.62,315,244.08939999999956,5.9420289855072355,浮盈6.2%后跌破BBI
002273.SZ,2024-04-16,2024-05-30,13.8,14.46,220,133.83760000000007,4.782608695652175,浮盈5.6%后跌破BBI
688027.SH,2024-05-17,2024-05-30,180.08,157.87,100,-2257.5740000000005,-12.333407374500226,硬止损(ATR=9.99)
002273.SZ,2024-04-16,2024-05-31,13.8,15.11,515,654.0866999999993,9.492753623188396,持仓超30天(9.3%)
688578.SH,2024-05-27,2024-06-07,56.8,63.9,125,866.5250000000003,12.500000000000004,分批止盈(浮盈11.9%达10%)
001301.SZ,2024-05-31,2024-06-07,42.9,47.3,125,533.1749999999997,10.256410256410254,分批止盈(浮盈10.3%达10%)
001301.SZ,2024-05-31,2024-06-20,42.9,45.9,112,320.7184,6.993006993006993,浮盈7.1%后跌破BBI
301301.SZ,2024-05-30,2024-06-21,13.58,12.75,1600,-1373.9,-6.111929307805597,第15天深度亏损(-3.8%)
001301.SZ,2024-05-31,2024-07-03,42.9,43.51,263,132.54373999999984,1.4219114219114206,第22天微利(0.7%)
688578.SH,2024-05-27,2024-07-04,56.8,60.16,112,357.84416,5.915492957746478,浮盈6.0%后跌破BBI
688578.SH,2024-05-27,2024-07-09,56.8,61.87,78,380.8082800000001,8.92605633802817,浮盈8.6%后跌破BBI
688578.SH,2024-05-27,2024-07-10,56.8,60.14,55,172.08460000000017,5.880281690140851,浮盈7.5%后跌破BBI
688578.SH,2024-05-27,2024-07-11,56.8,61.0,39,154.04200000000014,7.394366197183104,浮盈6.0%后跌破BBI
688578.SH,2024-05-27,2024-07-12,56.8,59.58,91,237.13644000000008,4.894366197183101,移动止盈(锁定4.9%)
600236.SH,2024-07-19,2024-08-01,7.626896551724138,7.12,5800,-3032.9159999999983,-6.646170539831808,硬止损(ATR=0.25)
002947.SZ,2024-07-19,2024-08-09,37.6,32.39,700,-3698.01425,-13.856382978723406,硬止损(ATR=1.86)
302132.SZ,2024-08-01,2024-08-19,48.16,43.2,600,-3034.3199999999965,-10.299003322259125,硬止损(ATR=1.58)
300373.SZ,2024-08-09,2024-08-19,40.56,38.1,800,-2036.5800000000006,-6.065088757396452,硬止损(ATR=1.23)
688428.SH,2024-07-19,2024-08-20,9.25,9.47,4000,794.7700000000025,2.378378378378385,放量阴线
000415.SZ,2024-08-20,2024-09-03,2.6,2.34,17600,-4668.664000000004,-10.000000000000009,放量阴线
600397.SH,2024-09-03,2024-09-11,1.86,1.83,19100,-651.6442500000004,-1.6129032258064528,放量阴线
301021.SZ,2024-08-19,2024-09-18,16.53,16.92,1200,422.3160000000006,2.359346642468243,第20天亏损(-1.9%)
600316.SH,2024-08-19,2024-09-23,20.11,20.1,1100,-60.747499999997814,-0.04972650422674297,第23天微利(0.4%)
000810.SZ,2024-09-11,2024-10-08,9.6,12.19,400,1021.248,26.979166666666664,分批止盈(浮盈15.4%达10%)
000810.SZ,2024-09-11,2024-10-09,9.6,11.78,300,641.9319999999999,22.70833333333333,分批止盈(浮盈26.1%达20%)
000810.SZ,2024-09-11,2024-10-11,9.6,10.6,900,875.9200000000001,10.416666666666668,移动止盈(锁定11.3%)
600589.SH,2024-10-22,2024-10-25,3.24,4.07,1825,1494.8945,25.617283950617285,分批止盈(浮盈14.2%达10%)
600589.SH,2024-10-22,2024-10-28,3.24,3.84,1368,805.2937599999996,18.518518518518505,分批止盈(浮盈21.9%达20%)
000620.SZ,2024-10-22,2024-10-29,1.57,1.8,4175,940.2199999999999,14.64968152866242,分批止盈(浮盈14.6%达10%)
000020.SZ,2024-10-22,2024-10-29,13.97,15.05,350,362.46500000000003,7.7308518253400145,分批止盈(浮盈10.4%达10%)
600589.SH,2024-10-22,2024-10-30,3.24,4.13,4107,3616.3061799999987,27.469135802469125,放量阴线
000620.SZ,2024-10-22,2024-11-01,1.57,1.9,3131,1016.3321999999996,21.019108280254766,分批止盈(浮盈20.4%达20%)
002244.SZ,2024-10-22,2024-11-08,9.88,11.08,550,642.8119999999996,12.145748987854244,分批止盈(浮盈11.2%达10%)
000620.SZ,2024-10-22,2024-11-11,1.57,2.23,9394,6152.905604999999,42.03821656050955,放量阴线
002244.SZ,2024-10-22,2024-11-11,9.88,10.12,1650,357.6039999999975,2.429149797570834,放量阴线
000020.SZ,2024-10-22,2024-11-19,13.97,13.75,1050,-264.8750000000007,-1.5748031496063037,第20天亏损(-1.0%)
603596.SH,2024-10-30,2024-11-22,49.98,47.29,600,-1677.8414999999986,-5.382152861144453,第17天深度亏损(-4.9%)
002655.SZ,2024-11-11,2024-12-02,13.81,13.1,1900,-1405.0025000000019,-5.141202027516298,第15天深度亏损(-5.1%)
688516.SH,2024-11-11,2024-12-02,51.5,46.7,400,-1962.359999999999,-9.320388349514557,第15天深度亏损(-7.6%)
300085.SZ,2024-12-17,2025-01-02,47.2,37.97,300,-2796.7820000000015,-19.55508474576272,硬止损(ATR=3.30)
300118.SZ,2024-12-17,2025-01-02,13.6,11.99,1500,-2455.9699999999993,-11.838235294117643,硬止损(ATR=0.58)
301611.SZ,2024-12-17,2025-01-08,62.01,55.05,300,-2126.03,-11.22399612965651,第15天深度亏损(-10.2%)
603009.SH,2025-01-02,2025-01-10,38.55,43.0,125,540.5000000000003,11.54345006485085,分批止盈(浮盈12.5%达10%)
603009.SH,2025-01-02,2025-01-15,38.55,48.0,93,864.9220000000001,24.51361867704281,分批止盈(浮盈23.3%达20%)
300199.SZ,2025-01-02,2025-01-23,13.12,11.7,1600,-2314.4399999999996,-10.823170731707316,第15天深度亏损(-12.0%)
002670.SZ,2025-01-08,2025-01-23,12.83,14.88,375,752.5900000000001,15.978176149649265,分批止盈(浮盈11.3%达10%)
002670.SZ,2025-01-08,2025-01-24,12.83,14.0,1125,1279.75,9.11925175370226,放量阴线
603009.SH,2025-01-02,2025-02-17,38.55,47.5,282,2492.110000000001,23.216601815823616,移动止盈(锁定23.9%)
601869.SH,2025-02-20,2025-02-25,37.08,40.61,200,684.7560000000003,9.51995685005394,分批止盈(浮盈15.3%达10%)
600183.SH,2025-02-20,2025-02-26,33.85,31.51,900,-2169.80775,-6.9128508124076795,硬止损(ATR=1.58)
601869.SH,2025-02-20,2025-03-07,37.08,37.73,600,339.0644999999992,1.7529665587917977,移动止盈(锁定2.0%)
600367.SH,2025-02-20,2025-03-10,12.85,16.02,725,2270.0209999999997,24.669260700389106,分批止盈(浮盈18.8%达10%)
600367.SH,2025-02-20,2025-03-11,12.85,14.62,2175,3778.203374999999,13.774319066147859,放量阴线
688048.SH,2025-03-11,2025-03-13,59.5,65.89,50,307.91099999999994,10.739495798319329,分批止盈(浮盈12.2%达10%)
600601.SH,2025-02-20,2025-03-19,5.02,5.5,1175,546.0750000000005,9.561752988047818,分批止盈(浮盈11.4%达10%)
688475.SH,2025-02-26,2025-03-19,39.86,37.9,500,-1022.9000000000005,-4.917210235825391,第15天深度亏损(-4.2%)
688048.SH,2025-03-11,2025-03-20,59.5,64.8,45,227.6679999999999,8.907563025210079,浮盈8.0%后跌破BBI
600601.SH,2025-02-20,2025-03-21,5.02,5.18,3525,522.4810000000004,3.1872509960159396,移动止盈(锁定4.2%)
688048.SH,2025-03-11,2025-04-01,59.5,53.61,105,-634.7081000000001,-9.899159663865548,第15天深度亏损(-9.8%)
688700.SH,2025-04-02,2025-04-08,38.49,28.99,500,-4783.990000000002,-24.681735515718376,硬止损(ATR=2.51)
002126.SZ,2025-03-19,2025-04-09,29.5,21.56,500,-3996.560000000001,-26.91525423728814,硬止损(ATR=1.82)
300260.SZ,2025-04-08,2025-04-10,35.9,36.78,200,156.28800000000052,2.451253481894158,放量阴线
603678.SH,2025-04-09,2025-04-14,36.95,40.58,125,438.60499999999945,9.824086603518255,分批止盈(浮盈11.6%达10%)
603588.SH,2025-04-01,2025-04-23,5.72,5.35,6600,-2521.4475000000007,-6.46853146853147,第15天深度亏损(-6.5%)
603678.SH,2025-04-09,2025-05-16,36.95,36.73,375,-115.04750000000223,-0.5953991880920323,第24天亏损(-0.5%)
600063.SH,2025-04-10,2025-05-22,4.2877777777777775,4.31,7200,90.17799999999943,0.5182689816014494,第27天微利(0.8%)
002048.SZ,2025-05-21,2025-06-04,16.28,15.24,2100,-2256.009000000002,-6.3882063882063935,硬止损(ATR=0.56)
300990.SZ,2025-05-21,2025-06-12,47.47,45.06,700,-1757.9694999999977,-5.076890667790177,第15天深度亏损(-5.0%)
002792.SZ,2025-05-21,2025-06-12,15.26,14.51,2400,-1878.354,-4.91480996068152,第15天深度亏损(-4.2%)
002624.SZ,2025-05-22,2025-06-13,13.41,15.1,725,1198.3549999999996,12.602535421327362,分批止盈(浮盈13.9%达10%)
002624.SZ,2025-05-22,2025-06-24,13.41,14.83,652,901.5016799999999,10.58911260253542,浮盈10.4%后跌破BBI
002624.SZ,2025-05-22,2025-06-30,13.41,14.39,456,428.7563200000002,7.3079791200596596,浮盈7.5%后跌破BBI
002624.SZ,2025-05-22,2025-07-03,13.41,14.78,320,423.94079999999974,10.216256524981352,浮盈10.0%后跌破BBI
002624.SZ,2025-05-22,2025-07-04,13.41,14.72,224,281.8454400000001,9.768829231916484,浮盈10.1%后跌破BBI
002624.SZ,2025-05-22,2025-07-07,13.41,14.77,156,202.5517599999999,10.14168530947054,浮盈10.5%后跌破BBI
002624.SZ,2025-05-22,2025-07-08,13.41,14.75,110,139.15499999999997,9.992542878448917,浮盈10.6%后跌破BBI
000962.SZ,2025-06-12,2025-07-08,16.75,16.35,1500,-655.1812499999978,-2.3880597014925287,第18天亏损(-1.9%)
000967.SZ,2025-06-12,2025-07-08,6.63,6.28,2700,-983.9119999999991,-5.279034690799391,第18天深度亏损(-4.7%)
002624.SZ,2025-05-22,2025-07-09,13.41,15.22,257,452.3469200000001,13.497390007457124,持仓超30天(13.5%)
300868.SZ,2025-07-08,2025-07-31,31.8,30.72,900,-1034.2080000000017,-3.396226415094345,第17天深度亏损(-3.2%)
300457.SZ,2025-07-08,2025-08-01,21.11,20.57,1200,-703.538999999999,-2.5580293699668366,第18天亏损(-2.3%)
600367.SH,2025-07-09,2025-08-04,15.25,14.99,2100,-616.8277499999996,-1.7049180327868836,第18天亏损(-1.2%)
600475.SH,2025-08-01,2025-08-06,14.12,16.0,400,734.2000000000004,13.314447592067996,分批止盈(浮盈12.7%达10%)
002716.SZ,2025-07-31,2025-08-07,4.51,5.0,2100,1003.0000000000005,10.86474501108648,分批止盈(浮盈10.9%达10%)
600475.SH,2025-08-01,2025-08-07,14.12,18.0,300,1148.2,27.478753541076493,分批止盈(浮盈24.0%达20%)
601519.SH,2025-08-04,2025-08-13,12.8,14.31,375,550.5174999999998,11.796874999999998,分批止盈(浮盈11.6%达10%)
600475.SH,2025-08-01,2025-08-15,14.12,20.89,900,6050.398,47.94617563739378,移动止盈(锁定47.3%)
601519.SH,2025-08-04,2025-08-18,12.8,16.3,281,969.3394000000001,27.34375,分批止盈(浮盈22.3%达20%)
002645.SZ,2025-08-14,2025-08-19,13.72,17.15,425,1438.1724999999992,24.999999999999982,分批止盈(浮盈19.6%达10%)
002645.SZ,2025-08-14,2025-08-20,13.72,17.6,318,1217.6464,28.279883381924204,分批止盈(浮盈31.6%达20%)
002716.SZ,2025-07-31,2025-08-21,4.51,4.97,1890,845.6134000000001,10.199556541019955,浮盈9.3%后跌破BBI
601519.SH,2025-08-04,2025-08-21,12.8,16.83,844,3367.9109599999983,31.484374999999982,移动止盈(锁定31.5%)
002645.SZ,2025-08-14,2025-08-21,13.72,16.8,957,2910.4048,22.448979591836736,放量阴线
002716.SZ,2025-07-31,2025-08-22,4.51,4.93,1323,537.6152199999999,9.312638580931262,浮盈8.0%后跌破BBI
002716.SZ,2025-07-31,2025-08-25,4.51,5.06,926,494.9288799999998,12.195121951219509,浮盈8.6%后跌破BBI
002716.SZ,2025-07-31,2025-08-27,4.51,5.43,540,485.9355999999999,20.39911308203991,分批止盈(浮盈21.1%达20%)
600629.SH,2025-08-21,2025-09-01,13.53,15.15,350,551.3950000000003,11.973392461197347,分批止盈(浮盈12.0%达10%)
601669.SH,2025-08-15,2025-09-02,6.14,5.85,6400,-1940.2400000000002,-4.723127035830619,硬止损(ATR=0.17)
600629.SH,2025-08-21,2025-09-03,13.53,14.26,315,215.96620000000016,5.395417590539545,浮盈5.4%后跌破BBI
002716.SZ,2025-07-31,2025-09-04,4.51,6.08,1621,2520.25864,34.81152993348116,放量阴线
600343.SH,2025-08-21,2025-09-04,14.79,13.54,1800,-2304.8369999999995,-8.451656524678837,硬止损(ATR=0.73)
600629.SH,2025-08-21,2025-09-04,13.53,14.15,220,125.1740000000002,4.582409460458249,浮盈6.1%后跌破BBI
002176.SZ,2025-09-02,2025-09-09,8.88,10.06,1075,1241.8709999999999,13.288288288288284,分批止盈(浮盈11.6%达10%)
600629.SH,2025-08-21,2025-09-11,13.53,12.85,515,-368.4354999999999,-5.0258684405025855,第15天深度亏损(-4.6%)
300814.SZ,2025-09-04,2025-09-15,42.0,48.93,125,849.0174999999999,16.499999999999996,分批止盈(浮盈15.1%达10%)
300814.SZ,2025-09-04,2025-09-17,42.0,52.76,93,985.8666399999997,25.619047619047613,分批止盈(浮盈23.1%达20%)
688403.SH,2025-09-04,2025-09-19,12.85,15.02,525,1118.4789999999998,16.88715953307393,分批止盈(浮盈20.5%达10%)
688403.SH,2025-09-04,2025-09-22,12.85,15.09,1575,3474.5248125000007,17.431906614785994,放量阴线
002176.SZ,2025-09-02,2025-09-23,8.88,9.78,967,846.3854799999986,10.135135135135117,浮盈10.2%后跌破BBI
002176.SZ,2025-09-02,2025-09-24,8.88,9.58,677,455.92867999999953,7.882882882882875,浮盈8.0%后跌破BBI
300814.SZ,2025-09-04,2025-09-24,42.0,49.86,282,2183.39896,18.714285714285715,放量阴线
002176.SZ,2025-09-02,2025-09-29,8.88,9.61,474,331.90971999999937,8.220720720720704,浮盈8.3%后跌破BBI
002176.SZ,2025-09-02,2025-10-15,8.88,9.7,332,260.79919999999953,9.234234234234217,浮盈8.9%后跌破BBI
002176.SZ,2025-09-02,2025-10-16,8.88,9.71,232,183.05455999999998,9.346846846846848,浮盈9.8%后跌破BBI
300972.SZ,2025-09-24,2025-10-16,169.2,189.04,25,481.5480000000001,11.725768321513005,分批止盈(浮盈13.5%达10%)
002176.SZ,2025-09-02,2025-10-20,8.88,10.19,543,695.2636599999993,14.752252252252237,放量阴线
002378.SZ,2025-09-22,2025-10-21,12.43,11.86,1500,-895.5800000000004,-4.585679806918748,第15天深度亏损(-4.7%)
300972.SZ,2025-09-24,2025-10-23,169.2,176.0,75,478.6000000000009,4.0189125295508346,移动止盈(锁定4.8%)
301629.SZ,2025-10-20,2025-10-24,189.54,213.71,25,588.5645000000004,12.751925714888687,分批止盈(浮盈13.0%达10%)
688403.SH,2025-10-23,2025-10-28,16.24,17.65,325,441.7775000000001,8.682266009852219,分批止盈(浮盈10.5%达10%)
688200.SH,2025-10-21,2025-10-29,181.2,209.76,25,698.512,15.761589403973511,分批止盈(浮盈14.8%达10%)
301629.SZ,2025-10-20,2025-10-30,189.54,195.0,22,106.54000000000016,2.880658436213996,浮盈6.4%后跌破BBI
688200.SH,2025-10-21,2025-11-03,181.2,190.1,75,633.9850000000004,4.911699779249452,移动止盈(锁定10.4%)
301629.SZ,2025-10-20,2025-11-07,189.54,191.0,53,52.13400000000043,0.7702859554711449,移动止盈(锁定3.0%)
688403.SH,2025-10-23,2025-11-13,16.24,14.99,975,-1252.9804999999983,-7.697044334975359,第15天深度亏损(-6.8%)
000600.SZ,2025-11-07,2025-11-20,8.83,8.3,4100,-2249.567499999998,-6.002265005662507,硬止损(ATR=0.28)
000035.SZ,2025-11-03,2025-11-24,5.89,5.74,7900,-1287.0284999999958,-2.5466893039049148,第15天深度亏损(-3.4%)
